-- phpMyAdmin SQL Dump
-- version 5.2.1
-- https://www.phpmyadmin.net/
--
-- Host: 127.0.0.1
-- Waktu pembuatan: 29 Apr 2025 pada 13.11
-- Versi server: 10.4.28-MariaDB
-- Versi PHP: 8.2.4

SET SQL_MODE = "NO_AUTO_VALUE_ON_ZERO";
START TRANSACTION;
SET time_zone = "+00:00";


/*!40101 SET @OLD_CHARACTER_SET_CLIENT=@@CHARACTER_SET_CLIENT */;
/*!40101 SET @OLD_CHARACTER_SET_RESULTS=@@CHARACTER_SET_RESULTS */;
/*!40101 SET @OLD_COLLATION_CONNECTION=@@COLLATION_CONNECTION */;
/*!40101 SET NAMES utf8mb4 */;

--
-- Database: `perpustakaan`
--

-- --------------------------------------------------------

--
-- Struktur dari tabel `anggota`
--

CREATE TABLE `anggota` (
  `id_anggota` int(11) NOT NULL,
  `nama` varchar(255) DEFAULT NULL,
  `alamat` text DEFAULT NULL,
  `no_telp` varchar(20) DEFAULT NULL,
  `tanggal_bergabung` date DEFAULT NULL
) ENGINE=InnoDB DEFAULT CHARSET=utf8mb4 COLLATE=utf8mb4_general_ci;

--
-- Dumping data untuk tabel `anggota`
--

INSERT INTO `anggota` (`id_anggota`, `nama`, `alamat`, `no_telp`, `tanggal_bergabung`) VALUES
(1, 'Budi Santoso', 'Jl. Merdeka No.10', '08123456789', '2025-01-01'),
(2, 'Siti Aminah', 'Jl. Melati No.5', '08129876543', '2025-02-15');

-- --------------------------------------------------------

--
-- Struktur dari tabel `buku`
--

CREATE TABLE `buku` (
  `id_buku` int(11) NOT NULL,
  `judul` varchar(255) DEFAULT NULL,
  `id_penulis` int(11) DEFAULT NULL,
  `id_penerbit` int(11) DEFAULT NULL,
  `id_kategori` int(11) DEFAULT NULL,
  `tahun_terbit` year(4) DEFAULT NULL,
  `isbn` varchar(20) DEFAULT NULL,
  `stok` int(11) DEFAULT NULL
) ENGINE=InnoDB DEFAULT CHARSET=utf8mb4 COLLATE=utf8mb4_general_ci;

--
-- Dumping data untuk tabel `buku`
--

INSERT INTO `buku` (`id_buku`, `judul`, `id_penulis`, `id_penerbit`, `id_kategori`, `tahun_terbit`, `isbn`, `stok`) VALUES
(1, 'Laskar Pelangi', 1, 1, 1, '2005', '9789793062797', 5),
(2, 'Atomic Habits', 2, 2, 2, '2018', '9780735211292', 8),
(3, 'Clean Code', 3, 3, 3, '2008', '9780132350884', 3),
(4, 'Sejarah Dunia yang Disembunyikan', 4, 4, 4, '2013', '9789790245193', 4),
(5, 'A Brief History of Time', 5, 5, 5, '1988', '9780553380163', 6);

-- --------------------------------------------------------

--
-- Struktur dari tabel `denda`
--

CREATE TABLE `denda` (
  `id_denda` int(11) NOT NULL,
  `id_pengembalian` int(11) DEFAULT NULL,
  `jumlah_denda` decimal(10,2) DEFAULT NULL,
  `status_pembayaran` enum('Belum Lunas','Lunas') DEFAULT 'Belum Lunas'
) ENGINE=InnoDB DEFAULT CHARSET=utf8mb4 COLLATE=utf8mb4_general_ci;

--
-- Dumping data untuk tabel `denda`
--

INSERT INTO `denda` (`id_denda`, `id_pengembalian`, `jumlah_denda`, `status_pembayaran`) VALUES
(1, 1, 5000.00, 'Lunas'),
(2, 2, 10000.00, 'Belum Lunas');

-- --------------------------------------------------------

--
-- Struktur dari tabel `detail_peminjaman`
--

CREATE TABLE `detail_peminjaman` (
  `id_detail` int(11) NOT NULL,
  `id_peminjaman` int(11) DEFAULT NULL,
  `id_buku` int(11) DEFAULT NULL,
  `jumlah` int(11) DEFAULT NULL
) ENGINE=InnoDB DEFAULT CHARSET=utf8mb4 COLLATE=utf8mb4_general_ci;

--
-- Dumping data untuk tabel `detail_peminjaman`
--

INSERT INTO `detail_peminjaman` (`id_detail`, `id_peminjaman`, `id_buku`, `jumlah`) VALUES
(1, 1, 1, 1),
(2, 1, 3, 1),
(3, 2, 2, 1);

-- --------------------------------------------------------

--
-- Struktur dari tabel `kategori_buku`
--

CREATE TABLE `kategori_buku` (
  `id_kategori` int(11) NOT NULL,
  `nama_kategori` varchar(100) DEFAULT NULL
) ENGINE=InnoDB DEFAULT CHARSET=utf8mb4 COLLATE=utf8mb4_general_ci;

--
-- Dumping data untuk tabel `kategori_buku`
--

INSERT INTO `kategori_buku` (`id_kategori`, `nama_kategori`) VALUES
(1, 'Fiksi'),
(2, 'Non-Fiksi'),
(3, 'Teknologi'),
(4, 'Sejarah'),
(5, 'Sains');

-- --------------------------------------------------------

--
-- Struktur dari tabel `peminjaman`
--

CREATE TABLE `peminjaman` (
  `id_peminjaman` int(11) NOT NULL,
  `id_anggota` int(11) DEFAULT NULL,
  `id_petugas` int(11) DEFAULT NULL,
  `tanggal_pinjam` date DEFAULT NULL,
  `batas_pengembalian` date DEFAULT NULL
) ENGINE=InnoDB DEFAULT CHARSET=utf8mb4 COLLATE=utf8mb4_general_ci;

--
-- Dumping data untuk tabel `peminjaman`
--

INSERT INTO `peminjaman` (`id_peminjaman`, `id_anggota`, `id_petugas`, `tanggal_pinjam`, `batas_pengembalian`) VALUES
(1, 1, 1, '2025-04-01', '2025-04-08'),
(2, 2, 2, '2025-04-02', '2025-04-09');

-- --------------------------------------------------------

--
-- Struktur dari tabel `penerbit`
--

CREATE TABLE `penerbit` (
  `id_penerbit` int(11) NOT NULL,
  `nama_penerbit` varchar(255) DEFAULT NULL,
  `alamat` text DEFAULT NULL
) ENGINE=InnoDB DEFAULT CHARSET=utf8mb4 COLLATE=utf8mb4_general_ci;

--
-- Dumping data untuk tabel `penerbit`
--

INSERT INTO `penerbit` (`id_penerbit`, `nama_penerbit`, `alamat`) VALUES
(1, 'Bentang Pustaka', 'Jakarta'),
(2, 'Avery Publishing', 'New York'),
(3, 'Prentice Hall', 'New Jersey'),
(4, 'Ufuk Press', 'Bandung'),
(5, 'Gramedia', 'Jakarta');

-- --------------------------------------------------------

--
-- Struktur dari tabel `pengembalian`
--

CREATE TABLE `pengembalian` (
  `id_pengembalian` int(11) NOT NULL,
  `id_peminjaman` int(11) DEFAULT NULL,
  `tanggal_kembali` date DEFAULT NULL,
  `kondisi_buku` enum('Baik','Rusak','Hilang') DEFAULT 'Baik'
) ENGINE=InnoDB DEFAULT CHARSET=utf8mb4 COLLATE=utf8mb4_general_ci;

--
-- Dumping data untuk tabel `pengembalian`
--

INSERT INTO `pengembalian` (`id_pengembalian`, `id_peminjaman`, `tanggal_kembali`, `kondisi_buku`) VALUES
(1, 1, '2025-04-09', 'Baik'),
(2, 2, '2025-04-10', 'Baik');

-- --------------------------------------------------------

--
-- Struktur dari tabel `penulis`
--

CREATE TABLE `penulis` (
  `id_penulis` int(11) NOT NULL,
  `nama_penulis` varchar(255) DEFAULT NULL
) ENGINE=InnoDB DEFAULT CHARSET=utf8mb4 COLLATE=utf8mb4_general_ci;

--
-- Dumping data untuk tabel `penulis`
--

INSERT INTO `penulis` (`id_penulis`, `nama_penulis`) VALUES
(1, 'Andrea Hirata'),
(2, 'James Clear'),
(3, 'Robert C. Martin'),
(4, 'Jonathan Black'),
(5, 'Stephen Hawking');

-- --------------------------------------------------------

--
-- Struktur dari tabel `petugas`
--

CREATE TABLE `petugas` (
  `id_petugas` int(11) NOT NULL,
  `nama` varchar(255) DEFAULT NULL,
  `jabatan` varchar(100) DEFAULT NULL,
  `username` varchar(50) DEFAULT NULL,
  `password` varchar(100) DEFAULT NULL
) ENGINE=InnoDB DEFAULT CHARSET=utf8mb4 COLLATE=utf8mb4_general_ci;

--
-- Dumping data untuk tabel `petugas`
--

INSERT INTO `petugas` (`id_petugas`, `nama`, `jabatan`, `username`, `password`) VALUES
(1, 'Ahmad Fauzi', 'Admin', 'ahmad', 'pass123'),
(2, 'Rina Lestari', 'Petugas', 'rina', 'pass456');

--
-- Indexes for dumped tables
--

--
-- Indeks untuk tabel `anggota`
--
ALTER TABLE `anggota`
  ADD PRIMARY KEY (`id_anggota`);

--
-- Indeks untuk tabel `buku`
--
ALTER TABLE `buku`
  ADD PRIMARY KEY (`id_buku`);

--
-- Indeks untuk tabel `denda`
--
ALTER TABLE `denda`
  ADD PRIMARY KEY (`id_denda`),
  ADD KEY `id_pengembalian` (`id_pengembalian`);

--
-- Indeks untuk tabel `detail_peminjaman`
--
ALTER TABLE `detail_peminjaman`
  ADD PRIMARY KEY (`id_detail`),
  ADD KEY `id_peminjaman` (`id_peminjaman`),
  ADD KEY `id_buku` (`id_buku`);

--
-- Indeks untuk tabel `kategori_buku`
--
ALTER TABLE `kategori_buku`
  ADD PRIMARY KEY (`id_kategori`);

--
-- Indeks untuk tabel `peminjaman`
--
ALTER TABLE `peminjaman`
  ADD PRIMARY KEY (`id_peminjaman`),
  ADD KEY `id_anggota` (`id_anggota`),
  ADD KEY `id_petugas` (`id_petugas`);

--
-- Indeks untuk tabel `penerbit`
--
ALTER TABLE `penerbit`
  ADD PRIMARY KEY (`id_penerbit`);

--
-- Indeks untuk tabel `pengembalian`
--
ALTER TABLE `pengembalian`
  ADD PRIMARY KEY (`id_pengembalian`),
  ADD KEY `id_peminjaman` (`id_peminjaman`);

--
-- Indeks untuk tabel `penulis`
--
ALTER TABLE `penulis`
  ADD PRIMARY KEY (`id_penulis`);

--
-- Indeks untuk tabel `petugas`
--
ALTER TABLE `petugas`
  ADD PRIMARY KEY (`id_petugas`);

--
-- AUTO_INCREMENT untuk tabel yang dibuang
--

--
-- AUTO_INCREMENT untuk tabel `anggota`
--
ALTER TABLE `anggota`
  MODIFY `id_anggota` int(11) NOT NULL AUTO_INCREMENT, AUTO_INCREMENT=3;

--
-- AUTO_INCREMENT untuk tabel `buku`
--
ALTER TABLE `buku`
  MODIFY `id_buku` int(11) NOT NULL AUTO_INCREMENT, AUTO_INCREMENT=6;

--
-- AUTO_INCREMENT untuk tabel `denda`
--
ALTER TABLE `denda`
  MODIFY `id_denda` int(11) NOT NULL AUTO_INCREMENT, AUTO_INCREMENT=3;

--
-- AUTO_INCREMENT untuk tabel `detail_peminjaman`
--
ALTER TABLE `detail_peminjaman`
  MODIFY `id_detail` int(11) NOT NULL AUTO_INCREMENT, AUTO_INCREMENT=4;

--
-- AUTO_INCREMENT untuk tabel `kategori_buku`
--
ALTER TABLE `kategori_buku`
  MODIFY `id_kategori` int(11) NOT NULL AUTO_INCREMENT, AUTO_INCREMENT=6;

--
-- AUTO_INCREMENT untuk tabel `peminjaman`
--
ALTER TABLE `peminjaman`
  MODIFY `id_peminjaman` int(11) NOT NULL AUTO_INCREMENT, AUTO_INCREMENT=3;

--
-- AUTO_INCREMENT untuk tabel `penerbit`
--
ALTER TABLE `penerbit`
  MODIFY `id_penerbit` int(11) NOT NULL AUTO_INCREMENT, AUTO_INCREMENT=6;

--
-- AUTO_INCREMENT untuk tabel `pengembalian`
--
ALTER TABLE `pengembalian`
  MODIFY `id_pengembalian` int(11) NOT NULL AUTO_INCREMENT, AUTO_INCREMENT=3;

--
-- AUTO_INCREMENT untuk tabel `penulis`
--
ALTER TABLE `penulis`
  MODIFY `id_penulis` int(11) NOT NULL AUTO_INCREMENT, AUTO_INCREMENT=6;

--
-- AUTO_INCREMENT untuk tabel `petugas`
--
ALTER TABLE `petugas`
  MODIFY `id_petugas` int(11) NOT NULL AUTO_INCREMENT, AUTO_INCREMENT=3;

--
-- Ketidakleluasaan untuk tabel pelimpahan (Dumped Tables)
--

--
-- Ketidakleluasaan untuk tabel `denda`
--
ALTER TABLE `denda`
  ADD CONSTRAINT `denda_ibfk_1` FOREIGN KEY (`id_pengembalian`) REFERENCES `pengembalian` (`id_pengembalian`);

--
-- Ketidakleluasaan untuk tabel `detail_peminjaman`
--
ALTER TABLE `detail_peminjaman`
  ADD CONSTRAINT `detail_peminjaman_ibfk_1` FOREIGN KEY (`id_peminjaman`) REFERENCES `peminjaman` (`id_peminjaman`),
  ADD CONSTRAINT `detail_peminjaman_ibfk_2` FOREIGN KEY (`id_buku`) REFERENCES `buku` (`id_buku`);

--
-- Ketidakleluasaan untuk tabel `peminjaman`
--
ALTER TABLE `peminjaman`
  ADD CONSTRAINT `peminjaman_ibfk_1` FOREIGN KEY (`id_anggota`) REFERENCES `anggota` (`id_anggota`),
  ADD CONSTRAINT `peminjaman_ibfk_2` FOREIGN KEY (`id_petugas`) REFERENCES `petugas` (`id_petugas`);

--
-- Ketidakleluasaan untuk tabel `pengembalian`
--
ALTER TABLE `pengembalian`
  ADD CONSTRAINT `pengembalian_ibfk_1` FOREIGN KEY (`id_peminjaman`) REFERENCES `peminjaman` (`id_peminjaman`);
COMMIT;

/*!40101 SET CHARACTER_SET_CLIENT=@OLD_CHARACTER_SET_CLIENT */;
/*!40101 SET CHARACTER_SET_RESULTS=@OLD_CHARACTER_SET_RESULTS */;
/*!40101 SET COLLATION_CONNECTION=@OLD_COLLATION_CONNECTION */;
